<?xml version = '1.0' encoding = 'UTF-8'?>
<FKIndexAssociation class="oracle.dbtools.crest.model.design.relational.FKIndexAssociation" directorySegmentName="seg_0" id="370EE9ED-9AB9-82CC-50BB-B5D57A6A1E88" containerWithKeyObject="99234471-4AE6-FBA5-5415-B4F86935E729" localFKIndex="627EDFD5-5A84-830C-B083-D6BF8DE7A4FB" name="Vuelo_Avion_FK">
<createdBy>jorge</createdBy>
<createdTime>2024-09-06 02:16:53 UTC</createdTime>
<ownerDesignName>puta</ownerDesignName>
<referredTableLongName>Avion</referredTableLongName>
<deleteRule>NO ACTION</deleteRule>
<referredTableID>E4BF78CD-C78D-ECF5-785D-910FB8BFAEBC</referredTableID>
<keyObject>B7278DEF-EEC1-CD6A-D113-2E32FFAAF73E</keyObject>
<referredKeyID>B7278DEF-EEC1-CD6A-D113-2E32FFAAF73E</referredKeyID>
<mandatory>true</mandatory>
<refColNames>Matricula</refColNames>
<transferable>true</transferable>
<rely>false</rely>
<columnDependencyConstraintGenerateInDDL>true</columnDependencyConstraintGenerateInDDL>
</FKIndexAssociation>