<?xml version = '1.0' encoding = 'UTF-8'?>
<FKIndexAssociation class="oracle.dbtools.crest.model.design.relational.FKIndexAssociation" directorySegmentName="seg_0" id="4F111293-E5B7-8F35-47DE-6A0DEF20068F" containerWithKeyObject="C658253E-7249-B6B7-BF53-708AD1DB0FA7" localFKIndex="51DE1910-3936-A2BC-DC31-B20583C0DA7E" name="Empleados_Puesto_FK">
<createdBy>EQUIPO</createdBy>
<createdTime>2024-09-05 21:40:39 UTC</createdTime>
<generatorID>246691FA-7D6E-A351-B44D-576270D66AFF</generatorID>
<ownerDesignName>puta</ownerDesignName>
<referredTableLongName>Puesto</referredTableLongName>
<deleteRule>NO ACTION</deleteRule>
<referredTableID>E01F1F7B-C15E-BB67-8882-5615D7CA2811</referredTableID>
<keyObject>DEB2A462-7BDD-3883-9556-48BF10B14205</keyObject>
<referredKeyID>DEB2A462-7BDD-3883-9556-48BF10B14205</referredKeyID>
<mandatory>true</mandatory>
<refColNames>ID_Puesto</refColNames>
<transferable>true</transferable>
<rely>false</rely>
<columnDependencyConstraintGenerateInDDL>true</columnDependencyConstraintGenerateInDDL>
</FKIndexAssociation>
