<?xml version = '1.0' encoding = 'UTF-8'?>
<FKIndexAssociation class="oracle.dbtools.crest.model.design.relational.FKIndexAssociation" directorySegmentName="seg_0" id="8904D32D-8836-89E8-E229-DEA7955155B8" containerWithKeyObject="CC11C389-0062-377C-F056-AD448E88355D" localFKIndex="FE73C0E7-543C-C013-00AA-171BA2A93EDA" name="Vuelo_y_Pasajeros_Pasajeros_FK">
<createdBy>EQUIPO</createdBy>
<createdTime>2024-09-05 21:40:39 UTC</createdTime>
<generatorID>E34B869D-25D8-3610-A05E-431B11723D7E</generatorID>
<ownerDesignName>puta</ownerDesignName>
<referredTableLongName>Pasajeros</referredTableLongName>
<deleteRule>NO ACTION</deleteRule>
<referredTableID>2F4C8BEF-EE12-5EE7-1366-FBA219E62D8D</referredTableID>
<keyObject>4926B6B3-EE40-B12A-2573-2C4F38A1F42C</keyObject>
<referredKeyID>4926B6B3-EE40-B12A-2573-2C4F38A1F42C</referredKeyID>
<mandatory>true</mandatory>
<refColNames>ID_Pasajero</refColNames>
<transferable>true</transferable>
<rely>false</rely>
<columnDependencyConstraintGenerateInDDL>true</columnDependencyConstraintGenerateInDDL>
</FKIndexAssociation>
