<?xml version = '1.0' encoding = 'UTF-8'?>
<Diagram class="oracle.dbtools.crest.swingui.relational.DPVRelational" name="Relational_1" id="0AEFF96C-6CF8-8C05-0D7E-B5D00B84E2FD">
<createdBy>EQUIPO</createdBy>
<modifiedBy>EQUIPO</modifiedBy>
<createdTime>2024-09-05 16:34:35 UTC</createdTime>
<autoRoute>false</autoRoute>
<boxInbox>true</boxInbox>
<showLegend>false</showLegend>
<showLabels>false</showLabels>
<showRelAttributes>false</showRelAttributes>
<gridEnabled>false</gridEnabled>
<showGrid>false</showGrid>
<diagramColor>-1</diagramColor>
<display>false</display>
<notation>1</notation>
<objectViews>
<OView class="oracle.dbtools.crest.swingui.relational.TVTable" oid="253743BB-63FB-D7DC-1E88-FEC7DB152399" otype="Table" vid="F5E1CC26-6A52-BEE1-C707-4959E9A63380">
<hideElementsInCurrentOnly>false</hideElementsInCurrentOnly>
<bounds x="1194" y="308" width="148" height="94"/>
</OView>
<OView class="oracle.dbtools.crest.swingui.relational.TVTable" oid="2F4C8BEF-EE12-5EE7-1366-FBA219E62D8D" otype="Table" vid="EAF517DB-D731-D559-FE1F-6A2046B422B6">
<hideElementsInCurrentOnly>false</hideElementsInCurrentOnly>
<bounds x="693" y="609" width="218" height="167"/>
</OView>
<OView class="oracle.dbtools.crest.swingui.relational.TVTable" oid="52900000-237B-C047-6CD0-D47AEBEC64F9" otype="Table" vid="AEE799A8-F3D5-E0B7-82BA-FCF73AFC1879">
<hideElementsInCurrentOnly>false</hideElementsInCurrentOnly>
<bounds x="275" y="433" width="248" height="155"/>
</OView>
<OView class="oracle.dbtools.crest.swingui.relational.TVTable" oid="6DC3ED0E-0134-D0F1-1107-AEC5E0C2FABF" otype="Table" vid="4D949F9E-808C-1D0B-378E-3D17F7C078BF">
<hideElementsInCurrentOnly>false</hideElementsInCurrentOnly>
<bounds x="321" y="674" width="158" height="104"/>
</OView>
<OView class="oracle.dbtools.crest.swingui.relational.TVTable" oid="99234471-4AE6-FBA5-5415-B4F86935E729" otype="Table" vid="85F8A5A8-2115-42FF-FBDB-5856AF1F4770">
<hideElementsInCurrentOnly>false</hideElementsInCurrentOnly>
<bounds x="619" y="242" width="241" height="171"/>
</OView>
<OView class="oracle.dbtools.crest.swingui.relational.TVTable" oid="9BDE3127-0FCC-36C1-C543-B5A2794C1B42" otype="Table" vid="8496D832-862C-6E02-C831-14934253CCC6">
<hideElementsInCurrentOnly>false</hideElementsInCurrentOnly>
<bounds x="927" y="510" width="148" height="100"/>
</OView>
<OView class="oracle.dbtools.crest.swingui.relational.TVTable" oid="A77A7948-C7D1-7958-97FF-611C4C36DF35" otype="Table" vid="11D17393-F894-75B9-D59E-3AEA5D3F013C">
<hideElementsInCurrentOnly>false</hideElementsInCurrentOnly>
<bounds x="298" y="118" width="144" height="85"/>
</OView>
<OView class="oracle.dbtools.crest.swingui.relational.TVTable" oid="C658253E-7249-B6B7-BF53-708AD1DB0FA7" otype="Table" vid="98C95CF8-6820-33F9-4CB1-A038F5C70B5F">
<hideElementsInCurrentOnly>false</hideElementsInCurrentOnly>
<bounds x="501" y="22" width="102" height="112"/>
</OView>
<OView class="oracle.dbtools.crest.swingui.relational.TVTable" oid="CA02D350-D3CF-BD0C-A0B5-FBAF60D5C0E4" otype="Table" vid="D2407FF9-3D05-CC61-4071-4746AD03B7DF">
<hideElementsInCurrentOnly>false</hideElementsInCurrentOnly>
<bounds x="933" y="299" width="125" height="106"/>
</OView>
<OView class="oracle.dbtools.crest.swingui.relational.TVTable" oid="CC11C389-0062-377C-F056-AD448E88355D" otype="Table" vid="E8CB2AF2-FBF8-83F6-3366-119207B90355">
<hideElementsInCurrentOnly>false</hideElementsInCurrentOnly>
<bounds x="697" y="496" width="139" height="72"/>
</OView>
<OView class="oracle.dbtools.crest.swingui.relational.TVTable" oid="E01F1F7B-C15E-BB67-8882-5615D7CA2811" otype="Table" vid="6B9C3541-34A9-0741-B82A-F22B00048B38">
<hideElementsInCurrentOnly>false</hideElementsInCurrentOnly>
<bounds x="695" y="54" width="130" height="63"/>
</OView>
<OView class="oracle.dbtools.crest.swingui.relational.TVTable" oid="E4BF78CD-C78D-ECF5-785D-910FB8BFAEBC" otype="Table" vid="FA44B1C2-70BD-B524-105A-FEB8A33ECB4F">
<hideElementsInCurrentOnly>false</hideElementsInCurrentOnly>
<bounds x="342" y="271" width="185" height="107"/>
</OView>
</objectViews>
<connectors>
<Connector class="oracle.dbtools.crest.swingui.relational.TVFKRelation" oid="098A30C8-E077-AFAB-8018-5AD9F9DBCB21" otype="FKIndexAssociation" vid_source="4D949F9E-808C-1D0B-378E-3D17F7C078BF" vid_target="AEE799A8-F3D5-E0B7-82BA-FCF73AFC1879">
<hideElementsInCurrentOnly>false</hideElementsInCurrentOnly>
<backgroundColor>-16777216</backgroundColor>
<lineWidth>1</lineWidth>
<points>
<point x="400" y="674"/>
<point x="400" y="588"/>
</points>
</Connector>
<Connector class="oracle.dbtools.crest.swingui.relational.TVFKRelation" oid="2E3D9BAF-6836-5D29-E609-73054EBF27F8" otype="FKIndexAssociation" vid_source="85F8A5A8-2115-42FF-FBDB-5856AF1F4770" vid_target="E8CB2AF2-FBF8-83F6-3366-119207B90355">
<hideElementsInCurrentOnly>false</hideElementsInCurrentOnly>
<backgroundColor>-16777216</backgroundColor>
<lineWidth>1</lineWidth>
<points>
<point x="766" y="413"/>
<point x="766" y="496"/>
</points>
</Connector>
<Connector class="oracle.dbtools.crest.swingui.relational.TVFKRelation" oid="370EE9ED-9AB9-82CC-50BB-B5D57A6A1E88" otype="FKIndexAssociation" vid_source="FA44B1C2-70BD-B524-105A-FEB8A33ECB4F" vid_target="85F8A5A8-2115-42FF-FBDB-5856AF1F4770">
<hideElementsInCurrentOnly>false</hideElementsInCurrentOnly>
<backgroundColor>-16777216</backgroundColor>
<lineWidth>1</lineWidth>
<points>
<point x="527" y="324"/>
<point x="619" y="324"/>
</points>
</Connector>
<Connector class="oracle.dbtools.crest.swingui.relational.TVFKRelation" oid="443608B4-74B5-4D37-A96B-66F6793BCF33" otype="FKIndexAssociation" vid_source="F5E1CC26-6A52-BEE1-C707-4959E9A63380" vid_target="D2407FF9-3D05-CC61-4071-4746AD03B7DF">
<hideElementsInCurrentOnly>false</hideElementsInCurrentOnly>
<backgroundColor>-16777216</backgroundColor>
<lineWidth>1</lineWidth>
<points>
<point x="1194" y="355"/>
<point x="1058" y="355"/>
</points>
</Connector>
<Connector class="oracle.dbtools.crest.swingui.relational.TVFKRelation" oid="4F111293-E5B7-8F35-47DE-6A0DEF20068F" otype="FKIndexAssociation" vid_source="6B9C3541-34A9-0741-B82A-F22B00048B38" vid_target="98C95CF8-6820-33F9-4CB1-A038F5C70B5F">
<hideElementsInCurrentOnly>false</hideElementsInCurrentOnly>
<backgroundColor>-16777216</backgroundColor>
<lineWidth>1</lineWidth>
<points>
<point x="695" y="85"/>
<point x="603" y="85"/>
</points>
</Connector>
<Connector class="oracle.dbtools.crest.swingui.relational.TVFKRelation" oid="72185407-0068-3DB0-2C0D-145EE230D224" otype="FKIndexAssociation" vid_source="85F8A5A8-2115-42FF-FBDB-5856AF1F4770" vid_target="D2407FF9-3D05-CC61-4071-4746AD03B7DF">
<hideElementsInCurrentOnly>false</hideElementsInCurrentOnly>
<backgroundColor>-16777216</backgroundColor>
<lineWidth>1</lineWidth>
<points>
<point x="860" y="352"/>
<point x="933" y="352"/>
</points>
</Connector>
<Connector class="oracle.dbtools.crest.swingui.relational.TVFKRelation" oid="8904D32D-8836-89E8-E229-DEA7955155B8" otype="FKIndexAssociation" vid_source="EAF517DB-D731-D559-FE1F-6A2046B422B6" vid_target="E8CB2AF2-FBF8-83F6-3366-119207B90355">
<hideElementsInCurrentOnly>false</hideElementsInCurrentOnly>
<backgroundColor>-16777216</backgroundColor>
<lineWidth>1</lineWidth>
<points>
<point x="766" y="609"/>
<point x="766" y="568"/>
</points>
</Connector>
<Connector class="oracle.dbtools.crest.swingui.relational.TVFKRelation" oid="A951EF51-3A54-D7B4-162E-663C0AD876A9" otype="FKIndexAssociation" vid_source="98C95CF8-6820-33F9-4CB1-A038F5C70B5F" vid_target="11D17393-F894-75B9-D59E-3AEA5D3F013C">
<hideElementsInCurrentOnly>false</hideElementsInCurrentOnly>
<backgroundColor>-16777216</backgroundColor>
<lineWidth>1</lineWidth>
<points>
<point x="501" y="126"/>
<point x="442" y="126"/>
</points>
</Connector>
<Connector class="oracle.dbtools.crest.swingui.relational.TVFKRelation" oid="B730E270-F023-2592-0276-7D7FC6958303" otype="FKIndexAssociation" vid_source="F5E1CC26-6A52-BEE1-C707-4959E9A63380" vid_target="D2407FF9-3D05-CC61-4071-4746AD03B7DF">
<hideElementsInCurrentOnly>false</hideElementsInCurrentOnly>
<backgroundColor>-16777216</backgroundColor>
<lineWidth>1</lineWidth>
<points>
<point x="1194" y="370"/>
<point x="1058" y="370"/>
</points>
</Connector>
<Connector class="oracle.dbtools.crest.swingui.relational.TVFKRelation" oid="BE6CACCD-8356-EA56-E640-E354CC21BBBD" otype="FKIndexAssociation" vid_source="4D949F9E-808C-1D0B-378E-3D17F7C078BF" vid_target="EAF517DB-D731-D559-FE1F-6A2046B422B6">
<hideElementsInCurrentOnly>false</hideElementsInCurrentOnly>
<backgroundColor>-16777216</backgroundColor>
<lineWidth>1</lineWidth>
<points>
<point x="479" y="725"/>
<point x="693" y="725"/>
</points>
</Connector>
<Connector class="oracle.dbtools.crest.swingui.relational.TVFKRelation" oid="CE7B32D2-1694-E221-FC97-CC903570C315" otype="FKIndexAssociation" vid_source="8496D832-862C-6E02-C831-14934253CCC6" vid_target="85F8A5A8-2115-42FF-FBDB-5856AF1F4770">
<hideElementsInCurrentOnly>false</hideElementsInCurrentOnly>
<backgroundColor>-16777216</backgroundColor>
<lineWidth>1</lineWidth>
<points>
<point x="944" y="510"/>
<point x="835" y="413"/>
</points>
</Connector>
<Connector class="oracle.dbtools.crest.swingui.relational.TVFKRelation" oid="D54912DE-5BC7-6A60-1A64-8D59B117F3D7" otype="FKIndexAssociation" vid_source="85F8A5A8-2115-42FF-FBDB-5856AF1F4770" vid_target="11D17393-F894-75B9-D59E-3AEA5D3F013C">
<hideElementsInCurrentOnly>false</hideElementsInCurrentOnly>
<backgroundColor>-16777216</backgroundColor>
<lineWidth>1</lineWidth>
<points>
<point x="619" y="273"/>
<point x="442" y="193"/>
</points>
</Connector>
<Connector class="oracle.dbtools.crest.swingui.relational.TVFKRelation" oid="D98C05F1-F579-0C22-5E70-A71366BEDED1" otype="FKIndexAssociation" vid_source="EAF517DB-D731-D559-FE1F-6A2046B422B6" vid_target="AEE799A8-F3D5-E0B7-82BA-FCF73AFC1879">
<hideElementsInCurrentOnly>false</hideElementsInCurrentOnly>
<backgroundColor>-16777216</backgroundColor>
<lineWidth>1</lineWidth>
<points>
<point x="693" y="643"/>
<point x="523" y="566"/>
</points>
</Connector>
<Connector class="oracle.dbtools.crest.swingui.relational.TVFKRelation" oid="F42F52BE-5ECB-D372-C41F-D41233EE174B" otype="FKIndexAssociation" vid_source="85F8A5A8-2115-42FF-FBDB-5856AF1F4770" vid_target="AEE799A8-F3D5-E0B7-82BA-FCF73AFC1879">
<hideElementsInCurrentOnly>false</hideElementsInCurrentOnly>
<backgroundColor>-16777216</backgroundColor>
<lineWidth>1</lineWidth>
<points>
<point x="619" y="392"/>
<point x="523" y="443"/>
</points>
</Connector>
</connectors>
</Diagram>