<?xml version = '1.0' encoding = 'UTF-8'?>
<Diagram class="oracle.dbtools.crest.swingui.logical.DPVLogical" name="Logical" id="15D585B6-07DF-B800-2073-8F5C5707D253">
<createdBy>EQUIPO</createdBy>
<modifiedBy>EQUIPO</modifiedBy>
<createdTime>2024-09-05 16:14:38 UTC</createdTime>
<autoRoute>false</autoRoute>
<boxInbox>true</boxInbox>
<showLegend>false</showLegend>
<showLabels>false</showLabels>
<showRelAttributes>false</showRelAttributes>
<gridEnabled>false</gridEnabled>
<showGrid>false</showGrid>
<diagramColor>-1</diagramColor>
<display>false</display>
<notation>1</notation>
<objectViews>
<OView class="oracle.dbtools.crest.swingui.logical.TVEntity" oid="02F5F376-682C-4786-5C13-860BC71949F9" otype="Entity" vid="6163C033-91E5-DAF8-7F36-35A3CE15C749">
<hideElementsInCurrentOnly>false</hideElementsInCurrentOnly>
<bounds x="910" y="447" width="148" height="100"/>
</OView>
<OView class="oracle.dbtools.crest.swingui.logical.TVEntity" oid="4B364281-8C02-3159-11AA-C081AB4461EC" otype="Entity" vid="41CB3EC0-27C2-E8EE-AB01-2C998B5E76CA">
<hideElementsInCurrentOnly>false</hideElementsInCurrentOnly>
<bounds x="313" y="663" width="158" height="104"/>
</OView>
<OView class="oracle.dbtools.crest.swingui.logical.TVEntity" oid="6C96C7D8-75C4-0CE5-2212-D739FC0ADDB5" otype="Entity" vid="1E4E21F8-577E-0856-DD0E-C319B0CBE027">
<hideElementsInCurrentOnly>false</hideElementsInCurrentOnly>
<bounds x="680" y="470" width="139" height="72"/>
</OView>
<OView class="oracle.dbtools.crest.swingui.logical.TVEntity" oid="776D0D57-09DA-ACE4-C2DD-8E299A0A46C3" otype="Entity" vid="2B2916F6-634D-1C51-4125-E6D26CA5749A">
<hideElementsInCurrentOnly>false</hideElementsInCurrentOnly>
<bounds x="703" y="48" width="130" height="63"/>
</OView>
<OView class="oracle.dbtools.crest.swingui.logical.TVEntity" oid="9D0C1E74-35D1-AA69-CFA9-57A5F03552C8" otype="Entity" vid="11A8EE51-2BC4-3B6E-7240-2564F62A3237">
<hideElementsInCurrentOnly>false</hideElementsInCurrentOnly>
<bounds x="900" y="65" width="148" height="93"/>
</OView>
<OView class="oracle.dbtools.crest.swingui.logical.TVEntity" oid="A26AAB61-06E9-1DA8-75F2-8286981B8A60" otype="Entity" vid="19E03F74-3D52-5FC2-84B2-1C1DB7531644">
<hideElementsInCurrentOnly>false</hideElementsInCurrentOnly>
<bounds x="676" y="583" width="180" height="116"/>
</OView>
<OView class="oracle.dbtools.crest.swingui.logical.TVEntity" oid="AA9D9D78-E816-0161-8CD0-EF63B20EB734" otype="Entity" vid="03A76884-E3D4-9E1C-6E48-CDB05B8E5C8A">
<hideElementsInCurrentOnly>false</hideElementsInCurrentOnly>
<bounds x="308" y="100" width="144" height="85"/>
</OView>
<OView class="oracle.dbtools.crest.swingui.logical.TVEntity" oid="AFECFBCB-1256-E554-BE25-0AA1DDD31D9D" otype="Entity" vid="D5BE771B-041E-D20E-8ECC-E33218294AAE">
<hideElementsInCurrentOnly>false</hideElementsInCurrentOnly>
<bounds x="666" y="283" width="185" height="121"/>
</OView>
<OView class="oracle.dbtools.crest.swingui.logical.TVEntity" oid="D6B1798E-BB19-6DBB-A83D-224B3718D75F" otype="Entity" vid="8B943E75-788E-9586-C8E5-9E5936D011C8">
<hideElementsInCurrentOnly>false</hideElementsInCurrentOnly>
<bounds x="511" y="4" width="102" height="112"/>
</OView>
<OView class="oracle.dbtools.crest.swingui.logical.TVEntity" oid="EFBEE9D5-2416-2150-15DD-04FD427DABCA" otype="Entity" vid="1ED5634C-5F68-A514-4B32-CB3A10BA05A5">
<hideElementsInCurrentOnly>false</hideElementsInCurrentOnly>
<bounds x="923" y="303" width="125" height="106"/>
</OView>
<OView class="oracle.dbtools.crest.swingui.logical.TVEntity" oid="FCD66A2C-8ACD-64E0-5E21-E195690648EB" otype="Entity" vid="1B814E96-68F2-ED9B-19E5-5C2C502AF30D">
<hideElementsInCurrentOnly>false</hideElementsInCurrentOnly>
<bounds x="321" y="461" width="151" height="120"/>
</OView>
</objectViews>
<connectors>
<Connector class="oracle.dbtools.crest.swingui.logical.TVRelation" oid="246691FA-7D6E-A351-B44D-576270D66AFF" otype="Relation" vid_source="2B2916F6-634D-1C51-4125-E6D26CA5749A" vid_target="8B943E75-788E-9586-C8E5-9E5936D011C8">
<hideElementsInCurrentOnly>false</hideElementsInCurrentOnly>
<backgroundColor>-16777216</backgroundColor>
<lineWidth>1</lineWidth>
<points>
<point x="703" y="79"/>
<point x="613" y="79"/>
</points>
</Connector>
<Connector class="oracle.dbtools.crest.swingui.logical.TVRelation" oid="4A555B84-A7AB-71D3-843E-8CA586151ECF" otype="Relation" vid_source="D5BE771B-041E-D20E-8ECC-E33218294AAE" vid_target="03A76884-E3D4-9E1C-6E48-CDB05B8E5C8A">
<hideElementsInCurrentOnly>false</hideElementsInCurrentOnly>
<backgroundColor>-16777216</backgroundColor>
<lineWidth>1</lineWidth>
<points>
<point x="666" y="294"/>
<point x="452" y="180"/>
</points>
</Connector>
<Connector class="oracle.dbtools.crest.swingui.logical.TVRelation" oid="6328D3A2-E3BE-4C9C-16A8-4D05AD95B149" otype="Relation" vid_source="19E03F74-3D52-5FC2-84B2-1C1DB7531644" vid_target="1B814E96-68F2-ED9B-19E5-5C2C502AF30D">
<hideElementsInCurrentOnly>false</hideElementsInCurrentOnly>
<backgroundColor>-16777216</backgroundColor>
<lineWidth>1</lineWidth>
<points>
<point x="676" y="611"/>
<point x="472" y="545"/>
</points>
</Connector>
<Connector class="oracle.dbtools.crest.swingui.logical.TVRelation" oid="684EC8C8-06A7-B493-D1CA-2CA2ED98F545" otype="Relation" vid_source="D5BE771B-041E-D20E-8ECC-E33218294AAE" vid_target="1E4E21F8-577E-0856-DD0E-C319B0CBE027">
<hideElementsInCurrentOnly>false</hideElementsInCurrentOnly>
<backgroundColor>-16777216</backgroundColor>
<lineWidth>1</lineWidth>
<points>
<point x="749" y="404"/>
<point x="749" y="470"/>
</points>
</Connector>
<Connector class="oracle.dbtools.crest.swingui.logical.TVRelation" oid="6BF546C4-273F-8369-DDB6-14FCB766BC21" otype="Relation" vid_source="41CB3EC0-27C2-E8EE-AB01-2C998B5E76CA" vid_target="19E03F74-3D52-5FC2-84B2-1C1DB7531644">
<hideElementsInCurrentOnly>false</hideElementsInCurrentOnly>
<backgroundColor>-16777216</backgroundColor>
<lineWidth>1</lineWidth>
<points>
<point x="471" y="681"/>
<point x="676" y="681"/>
</points>
</Connector>
<Connector class="oracle.dbtools.crest.swingui.logical.TVRelation" oid="74F7DED2-566B-E273-682A-674269153DC2" otype="Relation" vid_source="6163C033-91E5-DAF8-7F36-35A3CE15C749" vid_target="D5BE771B-041E-D20E-8ECC-E33218294AAE">
<hideElementsInCurrentOnly>false</hideElementsInCurrentOnly>
<backgroundColor>-16777216</backgroundColor>
<lineWidth>1</lineWidth>
<points>
<point x="910" y="447"/>
<point x="847" y="404"/>
</points>
</Connector>
<Connector class="oracle.dbtools.crest.swingui.logical.TVRelation" oid="831F253C-180F-09A6-BADD-3F7D4D8207B2" otype="Relation" vid_source="D5BE771B-041E-D20E-8ECC-E33218294AAE" vid_target="1B814E96-68F2-ED9B-19E5-5C2C502AF30D">
<hideElementsInCurrentOnly>false</hideElementsInCurrentOnly>
<backgroundColor>-16777216</backgroundColor>
<lineWidth>1</lineWidth>
<points>
<point x="666" y="388"/>
<point x="472" y="483"/>
</points>
</Connector>
<Connector class="oracle.dbtools.crest.swingui.logical.TVRelation" oid="A1B37CC9-65FC-37B6-246B-941821898D1F" otype="Relation" vid_source="8B943E75-788E-9586-C8E5-9E5936D011C8" vid_target="03A76884-E3D4-9E1C-6E48-CDB05B8E5C8A">
<hideElementsInCurrentOnly>false</hideElementsInCurrentOnly>
<backgroundColor>-16777216</backgroundColor>
<lineWidth>1</lineWidth>
<points>
<point x="511" y="108"/>
<point x="452" y="108"/>
</points>
</Connector>
<Connector class="oracle.dbtools.crest.swingui.logical.TVRelation" oid="C43005B6-0B4B-A2E5-C876-737FDE803343" otype="Relation" vid_source="D5BE771B-041E-D20E-8ECC-E33218294AAE" vid_target="1ED5634C-5F68-A514-4B32-CB3A10BA05A5">
<hideElementsInCurrentOnly>false</hideElementsInCurrentOnly>
<backgroundColor>-16777216</backgroundColor>
<lineWidth>1</lineWidth>
<points>
<point x="851" y="353"/>
<point x="923" y="353"/>
</points>
</Connector>
<Connector class="oracle.dbtools.crest.swingui.logical.TVRelation" oid="E34B869D-25D8-3610-A05E-431B11723D7E" otype="Relation" vid_source="19E03F74-3D52-5FC2-84B2-1C1DB7531644" vid_target="1E4E21F8-577E-0856-DD0E-C319B0CBE027">
<hideElementsInCurrentOnly>false</hideElementsInCurrentOnly>
<backgroundColor>-16777216</backgroundColor>
<lineWidth>1</lineWidth>
<points>
<point x="749" y="583"/>
<point x="749" y="542"/>
</points>
</Connector>
<Connector class="oracle.dbtools.crest.swingui.logical.TVRelation" oid="ECAAD824-ACFC-3C16-874F-FE754DB783FE" otype="Relation" vid_source="41CB3EC0-27C2-E8EE-AB01-2C998B5E76CA" vid_target="1B814E96-68F2-ED9B-19E5-5C2C502AF30D">
<hideElementsInCurrentOnly>false</hideElementsInCurrentOnly>
<backgroundColor>-16777216</backgroundColor>
<lineWidth>1</lineWidth>
<points>
<point x="396" y="663"/>
<point x="396" y="581"/>
</points>
</Connector>
</connectors>
</Diagram>