<?xml version = '1.0' encoding = 'UTF-8'?>
<relationalModel class="oracle.dbtools.crest.model.design.relational.RelationalDesign" name="Relational_1" id="0BF393C0-24AA-9537-B397-3A2F0635374F" mainViewID="0AEFF96C-6CF8-8C05-0D7E-B5D00B84E2FD">
<createdBy>EQUIPO</createdBy>
<createdTime>2024-09-05 16:13:22 UTC</createdTime>
<ownerDesignName>puta</ownerDesignName>
<shouldBeOpen>false</shouldBeOpen>
<selectedRDBMSSite>32076570-2523-435C-2E92-BF29817DFF70</selectedRDBMSSite>
</relationalModel>