<?xml version = '1.0' encoding = 'UTF-8'?>
<Relation class="oracle.dbtools.crest.model.design.logical.Relation" name="Relation_15" directorySegmentName="seg_0" id="4A555B84-A7AB-71D3-843E-8CA586151ECF">
<createdBy>EQUIPO</createdBy>
<createdTime>2024-09-05 21:52:29 UTC</createdTime>
<ownerDesignName>puta</ownerDesignName>
<engineerTo>
<item key="0BF393C0-24AA-9537-B397-3A2F0635374F" value="true"/>
</engineerTo>
<sourcePk>EF6A00CC-6D50-6781-2D65-6B46F4DF5AB7</sourcePk>
<identifying>false</identifying>
<optionalSource>true</optionalSource>
<optionalTarget>false</optionalTarget>
<sourceCardinality>1</sourceCardinality>
<sourceEntity>AFECFBCB-1256-E554-BE25-0AA1DDD31D9D</sourceEntity>
<targetCardinalityString>*</targetCardinalityString>
<targetEntity>AA9D9D78-E816-0161-8CD0-EF63B20EB734</targetEntity>
<transferable>true</transferable>
<deleteRule>NO ACTION</deleteRule>
</Relation>
