<?xml version = '1.0' encoding = 'UTF-8'?>
<Table class="oracle.dbtools.crest.model.design.relational.Table" directorySegmentName="seg_0" id="253743BB-63FB-D7DC-1E88-FEC7DB152399" name="Aeropuerto">
<createdBy>EQUIPO</createdBy>
<createdTime>2024-09-05 19:02:05 UTC</createdTime>
<generatorID>9D0C1E74-35D1-AA69-CFA9-57A5F03552C8</generatorID>
<ownerDesignName>puta</ownerDesignName>
<allowColumnReorder>false</allowColumnReorder>
<existDependencyGenerateInDDl>true</existDependencyGenerateInDDl>
<parsed>true</parsed>
<columns itemClass="oracle.dbtools.crest.model.design.relational.Column">
<Column name="Codigo_IATA" id="D99809C5-FFEF-F369-CE71-A842180B1B60">
<createdBy>EQUIPO</createdBy>
<createdTime>2024-09-05 19:02:05 UTC</createdTime>
<generatorID>697B2F7C-59F5-5272-A2F1-E7E8E5D5EC05</generatorID>
<ownerDesignName>puta</ownerDesignName>
<useDomainConstraints>false</useDomainConstraints>
<use>1</use>
<logicalDatatype>LOGDT024</logicalDatatype>
<dataTypeSize>3</dataTypeSize>
<ownDataTypeParameters>3,,</ownDataTypeParameters>
<autoIncrementCycle>false</autoIncrementCycle>
</Column>
<Column name="pais" id="33849DE8-9CD2-804A-BBD1-A17E43AFAD77">
<createdBy>EQUIPO</createdBy>
<createdTime>2024-09-05 19:02:05 UTC</createdTime>
<generatorID>6707E959-E509-7310-6DB2-0140EDF19708</generatorID>
<ownerDesignName>puta</ownerDesignName>
<useDomainConstraints>false</useDomainConstraints>
<use>1</use>
<logicalDatatype>LOGDT024</logicalDatatype>
<dataTypeSize>150</dataTypeSize>
<ownDataTypeParameters>150,,</ownDataTypeParameters>
<autoIncrementCycle>false</autoIncrementCycle>
</Column>
<Column name="Ciudad" id="97FF258F-467C-14E2-59F9-5333C58D9B36">
<createdBy>EQUIPO</createdBy>
<createdTime>2024-09-05 19:02:05 UTC</createdTime>
<generatorID>80259269-59CF-FFE9-6631-AB4ED3CE04DA</generatorID>
<ownerDesignName>puta</ownerDesignName>
<useDomainConstraints>false</useDomainConstraints>
<use>1</use>
<logicalDatatype>LOGDT024</logicalDatatype>
<dataTypeSize>150</dataTypeSize>
<ownDataTypeParameters>150,,</ownDataTypeParameters>
<autoIncrementCycle>false</autoIncrementCycle>
</Column>
</columns>
<indexes itemClass="oracle.dbtools.crest.model.design.relational.Index">
<ind_PK_UK id="6713EECE-C4B6-F471-44B4-1BFF43480134" name="Aeropuerto_PK">
<createdBy>EQUIPO</createdBy>
<createdTime>2024-09-05 19:02:05 UTC</createdTime>
<generatorID>F4A8AF12-F325-7D3D-0F0F-B8FA193E8655</generatorID>
<ownerDesignName>puta</ownerDesignName>
<pk>true</pk>
<indexState>Primary Constraint</indexState>
<isSurrogateKey>false</isSurrogateKey>
<indexColumnUsage>
<colUsage columnID="D99809C5-FFEF-F369-CE71-A842180B1B60"/>
</indexColumnUsage>
</ind_PK_UK>
</indexes>
</Table>
