<?xml version = '1.0' encoding = 'UTF-8'?>
<Table class="oracle.dbtools.crest.model.design.relational.Table" directorySegmentName="seg_0" id="9BDE3127-0FCC-36C1-C543-B5A2794C1B42" name="Aerolinea">
<createdBy>EQUIPO</createdBy>
<createdTime>2024-09-05 21:40:39 UTC</createdTime>
<generatorID>02F5F376-682C-4786-5C13-860BC71949F9</generatorID>
<ownerDesignName>puta</ownerDesignName>
<allowColumnReorder>false</allowColumnReorder>
<existDependencyGenerateInDDl>true</existDependencyGenerateInDDl>
<parsed>true</parsed>
<columns itemClass="oracle.dbtools.crest.model.design.relational.Column">
<Column name="OACI" id="95B18B9D-7C74-BA8F-F761-2AA53BB38F09">
<createdBy>EQUIPO</createdBy>
<createdTime>2024-09-05 21:40:39 UTC</createdTime>
<generatorID>CA185B49-C7D3-BB41-7A32-1D33A9482C0C</generatorID>
<ownerDesignName>puta</ownerDesignName>
<useDomainConstraints>false</useDomainConstraints>
<use>1</use>
<logicalDatatype>LOGDT024</logicalDatatype>
<dataTypeSize>10</dataTypeSize>
<ownDataTypeParameters>10,,</ownDataTypeParameters>
<autoIncrementCycle>false</autoIncrementCycle>
</Column>
<Column name="pais" id="1C6EDF8C-E3E7-3E64-E84F-C045A3F8AB6E">
<createdBy>EQUIPO</createdBy>
<createdTime>2024-09-05 21:40:39 UTC</createdTime>
<generatorID>7D6D7059-EB1A-53DC-970D-75E55B141192</generatorID>
<ownerDesignName>puta</ownerDesignName>
<useDomainConstraints>false</useDomainConstraints>
<use>1</use>
<logicalDatatype>LOGDT024</logicalDatatype>
<dataTypeSize>150</dataTypeSize>
<ownDataTypeParameters>150,,</ownDataTypeParameters>
<autoIncrementCycle>false</autoIncrementCycle>
</Column>
<Column name="ciudad" id="19F29213-B738-D67B-0D00-AAB4223B83A3">
<createdBy>EQUIPO</createdBy>
<createdTime>2024-09-05 21:40:39 UTC</createdTime>
<generatorID>20039511-C3BD-A8F8-DC1D-7BBF9FB70BFB</generatorID>
<ownerDesignName>puta</ownerDesignName>
<useDomainConstraints>false</useDomainConstraints>
<use>1</use>
<logicalDatatype>LOGDT024</logicalDatatype>
<dataTypeSize>150</dataTypeSize>
<ownDataTypeParameters>150,,</ownDataTypeParameters>
<autoIncrementCycle>false</autoIncrementCycle>
</Column>
</columns>
<indexes itemClass="oracle.dbtools.crest.model.design.relational.Index">
<ind_PK_UK id="46420A73-3724-5FE3-088A-8BA91B0DB571" name="Aerolinea_PK">
<createdBy>EQUIPO</createdBy>
<createdTime>2024-09-05 21:40:39 UTC</createdTime>
<generatorID>1E9EC457-2E31-74BE-F2AE-C921C0C3A7B5</generatorID>
<ownerDesignName>puta</ownerDesignName>
<pk>true</pk>
<indexState>Primary Constraint</indexState>
<isSurrogateKey>false</isSurrogateKey>
<indexColumnUsage>
<colUsage columnID="95B18B9D-7C74-BA8F-F761-2AA53BB38F09"/>
</indexColumnUsage>
</ind_PK_UK>
</indexes>
</Table>
