<?xml version = '1.0' encoding = 'UTF-8'?>
<Table class="oracle.dbtools.crest.model.design.relational.Table" directorySegmentName="seg_0" id="E4BF78CD-C78D-ECF5-785D-910FB8BFAEBC" name="Avion">
<createdBy>jorge</createdBy>
<createdTime>2024-09-06 02:12:58 UTC</createdTime>
<ownerDesignName>puta</ownerDesignName>
<ordsAlias>table_12</ordsAlias>
<allowColumnReorder>false</allowColumnReorder>
<existDependencyGenerateInDDl>true</existDependencyGenerateInDDl>
<parsed>true</parsed>
<columns itemClass="oracle.dbtools.crest.model.design.relational.Column">
<Column name="Matricula" id="14E48648-7D7E-0A5D-5B27-8239E2382022">
<createdBy>jorge</createdBy>
<createdTime>2024-09-06 02:15:39 UTC</createdTime>
<ownerDesignName>puta</ownerDesignName>
<useDomainConstraints>false</useDomainConstraints>
<use>1</use>
<logicalDatatype>LOGDT024</logicalDatatype>
<dataTypeSize>15</dataTypeSize>
<ownDataTypeParameters>15,,</ownDataTypeParameters>
<autoIncrementCycle>false</autoIncrementCycle>
</Column>
<Column name="Modelo" id="18C463DC-C99A-030E-7309-56174796C051">
<createdBy>jorge</createdBy>
<createdTime>2024-09-06 02:15:39 UTC</createdTime>
<ownerDesignName>puta</ownerDesignName>
<useDomainConstraints>false</useDomainConstraints>
<use>1</use>
<logicalDatatype>LOGDT024</logicalDatatype>
<dataTypeSize>100</dataTypeSize>
<ownDataTypeParameters>100,,</ownDataTypeParameters>
<autoIncrementCycle>false</autoIncrementCycle>
</Column>
<Column name="Capacidad" id="34C69E2C-AF60-B8FE-E81C-98A75ECE8703">
<createdBy>jorge</createdBy>
<createdTime>2024-09-06 02:15:39 UTC</createdTime>
<ownerDesignName>puta</ownerDesignName>
<useDomainConstraints>false</useDomainConstraints>
<use>1</use>
<logicalDatatype>LOGDT011</logicalDatatype>
<ownDataTypeParameters>,,</ownDataTypeParameters>
<autoIncrementCycle>false</autoIncrementCycle>
</Column>
<Column name="Alcance" id="B4A3ED92-365D-05DE-51DA-8025CB27A6BB">
<createdBy>jorge</createdBy>
<createdTime>2024-09-06 02:15:39 UTC</createdTime>
<ownerDesignName>puta</ownerDesignName>
<useDomainConstraints>false</useDomainConstraints>
<use>1</use>
<logicalDatatype>LOGDT020</logicalDatatype>
<dataTypePrecision>7</dataTypePrecision>
<dataTypeScale>2</dataTypeScale>
<ownDataTypeParameters>,7,2</ownDataTypeParameters>
<autoIncrementCycle>false</autoIncrementCycle>
</Column>
</columns>
<indexes itemClass="oracle.dbtools.crest.model.design.relational.Index">
<ind_PK_UK id="B7278DEF-EEC1-CD6A-D113-2E32FFAAF73E" name="Avion_PK">
<createdBy>jorge</createdBy>
<createdTime>2024-09-06 02:15:39 UTC</createdTime>
<ownerDesignName>puta</ownerDesignName>
<pk>true</pk>
<indexState>Primary Constraint</indexState>
<isSurrogateKey>false</isSurrogateKey>
<indexColumnUsage>
<colUsage columnID="14E48648-7D7E-0A5D-5B27-8239E2382022"/>
</indexColumnUsage>
</ind_PK_UK>
</indexes>
</Table>