<?xml version = '1.0' encoding = 'UTF-8'?>
<Entity class="oracle.dbtools.crest.model.design.logical.Entity" directorySegmentName="seg_0" id="6C96C7D8-75C4-0CE5-2212-D739FC0ADDB5" name="Vuelo_y_Pasajeros">
<createdBy>EQUIPO</createdBy>
<createdTime>2024-09-05 17:00:19 UTC</createdTime>
<ownerDesignName>puta</ownerDesignName>
<engineerTo>
<item key="0BF393C0-24AA-9537-B397-3A2F0635374F" value="true"/>
</engineerTo>
<adequatelyNormalized>NO</adequatelyNormalized>
<expectedVolumes>0</expectedVolumes>
<fwdEngineeringStrategyName>Single Table</fwdEngineeringStrategyName>
<growthPercent>0</growthPercent>
<growthType>Year</growthType>
<maxVolumes>9999999</maxVolumes>
<minVolumes>0</minVolumes>
<normalForm>Third</normalForm>
<attributes itemClass="oracle.dbtools.crest.model.design.logical.Attribute">
<Attribute name="ID_vue_y_pas" id="9EB184E3-EC18-F365-7989-5C0D5F2300A9">
<createdBy>EQUIPO</createdBy>
<createdTime>2024-09-05 17:00:31 UTC</createdTime>
<ownerDesignName>puta</ownerDesignName>
<engineerTo>
<item key="0BF393C0-24AA-9537-B397-3A2F0635374F" value="true"/>
</engineerTo>
<useDomainConstraints>false</useDomainConstraints>
<use>1</use>
<logicalDatatype>LOGDT011</logicalDatatype>
<ownDataTypeParameters>,,</ownDataTypeParameters>
</Attribute>
<Attribute name="ID_Pasajero" id="04B3B2E5-D40E-5F15-18EF-3909830191D4">
<createdBy>EQUIPO</createdBy>
<createdTime>2024-09-05 17:01:00 UTC</createdTime>
<generatorID>E34B869D-25D8-3610-A05E-431B11723D7E</generatorID>
<ownerDesignName>puta</ownerDesignName>
<engineerTo>
<item key="0BF393C0-24AA-9537-B397-3A2F0635374F" value="true"/>
</engineerTo>
<referedAttribute>7BEFAD46-03DA-6626-6DFD-FEBE2A0C1DAF</referedAttribute>
<useDomainConstraints>false</useDomainConstraints>
<use>1</use>
<logicalDatatype>LOGDT011</logicalDatatype>
<ownDataTypeParameters>,,</ownDataTypeParameters>
</Attribute>
<Attribute name="ID_Vuelo" id="39D4D5F4-5CAA-E0E3-A9EE-4169705F8297">
<createdBy>EQUIPO</createdBy>
<createdTime>2024-09-05 17:01:04 UTC</createdTime>
<generatorID>684EC8C8-06A7-B493-D1CA-2CA2ED98F545</generatorID>
<ownerDesignName>puta</ownerDesignName>
<engineerTo>
<item key="0BF393C0-24AA-9537-B397-3A2F0635374F" value="true"/>
</engineerTo>
<referedAttribute>D03B59C5-74FF-439E-2F6E-522F49A044F7</referedAttribute>
<useDomainConstraints>false</useDomainConstraints>
<use>1</use>
<logicalDatatype>LOGDT011</logicalDatatype>
<ownDataTypeParameters>,,</ownDataTypeParameters>
</Attribute>
</attributes>
<identifiers itemClass="oracle.dbtools.crest.model.design.logical.CandidateKey">
<identifier id="B8B79B95-F55C-3FF6-1343-7A611670C138" name="Vuelo_y_Pasajeros PK">
<createdBy>EQUIPO</createdBy>
<createdTime>2024-09-05 17:00:52 UTC</createdTime>
<ownerDesignName>puta</ownerDesignName>
<shouldEngineer>false</shouldEngineer>
<engineerTo>
<item key="0BF393C0-24AA-9537-B397-3A2F0635374F" value="false"/>
</engineerTo>
<pk>true</pk>
<usedAttributes>
<attributeRef>9EB184E3-EC18-F365-7989-5C0D5F2300A9</attributeRef>
</usedAttributes>
</identifier>
</identifiers>
</Entity>
