<?xml version = '1.0' encoding = 'UTF-8'?>
<FKIndexAssociation class="oracle.dbtools.crest.model.design.relational.FKIndexAssociation" directorySegmentName="seg_0" id="098A30C8-E077-AFAB-8018-5AD9F9DBCB21" containerWithKeyObject="52900000-237B-C047-6CD0-D47AEBEC64F9" localFKIndex="D1C46745-820C-AB61-4911-AE4556E987CA" name="Boleto_Reserva_FK">
<createdBy>EQUIPO</createdBy>
<createdTime>2024-09-05 22:32:24 UTC</createdTime>
<generatorID>ECAAD824-ACFC-3C16-874F-FE754DB783FE</generatorID>
<ownerDesignName>puta</ownerDesignName>
<referredTableLongName>Reserva</referredTableLongName>
<deleteRule>NO ACTION</deleteRule>
<referredTableID>6DC3ED0E-0134-D0F1-1107-AEC5E0C2FABF</referredTableID>
<keyObject>05463D1E-075B-3EB9-7D27-E581E43CF685</keyObject>
<referredKeyID>05463D1E-075B-3EB9-7D27-E581E43CF685</referredKeyID>
<mandatory>true</mandatory>
<refColNames>ID_Reserva</refColNames>
<transferable>true</transferable>
<rely>false</rely>
<columnDependencyConstraintGenerateInDDL>true</columnDependencyConstraintGenerateInDDL>
</FKIndexAssociation>
