<?xml version = '1.0' encoding = 'UTF-8'?>
<FKIndexAssociation class="oracle.dbtools.crest.model.design.relational.FKIndexAssociation" directorySegmentName="seg_0" id="72185407-0068-3DB0-2C0D-145EE230D224" containerWithKeyObject="CA02D350-D3CF-BD0C-A0B5-FBAF60D5C0E4" localFKIndex="2C36751A-5EA4-A21E-0D9B-C4A7D9FDCCD3" name="Ruta_Vuelo_FK">
<createdBy>EQUIPO</createdBy>
<createdTime>2024-09-05 21:40:39 UTC</createdTime>
<generatorID>C43005B6-0B4B-A2E5-C876-737FDE803343</generatorID>
<ownerDesignName>puta</ownerDesignName>
<referredTableLongName>Vuelo</referredTableLongName>
<deleteRule>NO ACTION</deleteRule>
<referredTableID>99234471-4AE6-FBA5-5415-B4F86935E729</referredTableID>
<keyObject>569C60F9-3C0E-44B7-857B-548C48CC1AB7</keyObject>
<referredKeyID>569C60F9-3C0E-44B7-857B-548C48CC1AB7</referredKeyID>
<mandatory>true</mandatory>
<refColNames>ID_Vuelo</refColNames>
<transferable>true</transferable>
<rely>false</rely>
<columnDependencyConstraintGenerateInDDL>true</columnDependencyConstraintGenerateInDDL>
</FKIndexAssociation>
