<?xml version = '1.0' encoding = 'UTF-8'?>
<FKIndexAssociation class="oracle.dbtools.crest.model.design.relational.FKIndexAssociation" directorySegmentName="seg_0" id="A951EF51-3A54-D7B4-162E-663C0AD876A9" containerWithKeyObject="A77A7948-C7D1-7958-97FF-611C4C36DF35" localFKIndex="61F573C8-208D-B6C0-32E2-DB824EF206C2" name="Historial_Vuelo_Empleados_FK">
<createdBy>EQUIPO</createdBy>
<createdTime>2024-09-05 21:40:39 UTC</createdTime>
<generatorID>A1B37CC9-65FC-37B6-246B-941821898D1F</generatorID>
<ownerDesignName>puta</ownerDesignName>
<referredTableLongName>Empleados</referredTableLongName>
<deleteRule>NO ACTION</deleteRule>
<referredTableID>C658253E-7249-B6B7-BF53-708AD1DB0FA7</referredTableID>
<keyObject>635A17BD-F51B-6D8C-1E16-BBD33AFFC42C</keyObject>
<referredKeyID>635A17BD-F51B-6D8C-1E16-BBD33AFFC42C</referredKeyID>
<mandatory>true</mandatory>
<refColNames>ID_Empleado</refColNames>
<transferable>true</transferable>
<rely>false</rely>
<columnDependencyConstraintGenerateInDDL>true</columnDependencyConstraintGenerateInDDL>
</FKIndexAssociation>
