<?xml version = '1.0' encoding = 'UTF-8'?>
<FKIndexAssociation class="oracle.dbtools.crest.model.design.relational.FKIndexAssociation" directorySegmentName="seg_0" id="BE6CACCD-8356-EA56-E640-E354CC21BBBD" containerWithKeyObject="2F4C8BEF-EE12-5EE7-1366-FBA219E62D8D" localFKIndex="628D6D0D-9C6C-13EF-DF11-479B7E7A0A5A" name="Pasajeros_Reserva_FK">
<createdBy>EQUIPO</createdBy>
<createdTime>2024-09-05 22:32:24 UTC</createdTime>
<generatorID>6BF546C4-273F-8369-DDB6-14FCB766BC21</generatorID>
<ownerDesignName>puta</ownerDesignName>
<referredTableLongName>Reserva</referredTableLongName>
<deleteRule>NO ACTION</deleteRule>
<referredTableID>6DC3ED0E-0134-D0F1-1107-AEC5E0C2FABF</referredTableID>
<keyObject>05463D1E-075B-3EB9-7D27-E581E43CF685</keyObject>
<referredKeyID>05463D1E-075B-3EB9-7D27-E581E43CF685</referredKeyID>
<mandatory>true</mandatory>
<refColNames>ID_Reserva</refColNames>
<transferable>true</transferable>
<rely>false</rely>
<columnDependencyConstraintGenerateInDDL>true</columnDependencyConstraintGenerateInDDL>
</FKIndexAssociation>
