<?xml version = '1.0' encoding = 'UTF-8'?>
<FKIndexAssociation class="oracle.dbtools.crest.model.design.relational.FKIndexAssociation" directorySegmentName="seg_0" id="D98C05F1-F579-0C22-5E70-A71366BEDED1" containerWithKeyObject="52900000-237B-C047-6CD0-D47AEBEC64F9" localFKIndex="2030481B-89E4-720E-8FD4-93F822B8695D" name="Boleto_Pasajeros_FK">
<createdBy>EQUIPO</createdBy>
<createdTime>2024-09-05 22:32:24 UTC</createdTime>
<generatorID>6328D3A2-E3BE-4C9C-16A8-4D05AD95B149</generatorID>
<ownerDesignName>puta</ownerDesignName>
<referredTableLongName>Pasajeros</referredTableLongName>
<deleteRule>NO ACTION</deleteRule>
<referredTableID>2F4C8BEF-EE12-5EE7-1366-FBA219E62D8D</referredTableID>
<keyObject>4926B6B3-EE40-B12A-2573-2C4F38A1F42C</keyObject>
<referredKeyID>4926B6B3-EE40-B12A-2573-2C4F38A1F42C</referredKeyID>
<mandatory>true</mandatory>
<refColNames>ID_Pasajero</refColNames>
<transferable>true</transferable>
<rely>false</rely>
<columnDependencyConstraintGenerateInDDL>true</columnDependencyConstraintGenerateInDDL>
</FKIndexAssociation>
