<?xml version = '1.0' encoding = 'UTF-8'?>
<FKIndexAssociation class="oracle.dbtools.crest.model.design.relational.FKIndexAssociation" directorySegmentName="seg_0" id="F42F52BE-5ECB-D372-C41F-D41233EE174B" containerWithKeyObject="52900000-237B-C047-6CD0-D47AEBEC64F9" localFKIndex="9D61FAAC-C721-C51B-7282-3973566A8CCB" name="Boleto_Vuelo_FK">
<createdBy>EQUIPO</createdBy>
<createdTime>2024-09-05 22:32:24 UTC</createdTime>
<generatorID>831F253C-180F-09A6-BADD-3F7D4D8207B2</generatorID>
<ownerDesignName>puta</ownerDesignName>
<referredTableLongName>Vuelo</referredTableLongName>
<deleteRule>NO ACTION</deleteRule>
<referredTableID>99234471-4AE6-FBA5-5415-B4F86935E729</referredTableID>
<keyObject>569C60F9-3C0E-44B7-857B-548C48CC1AB7</keyObject>
<referredKeyID>569C60F9-3C0E-44B7-857B-548C48CC1AB7</referredKeyID>
<mandatory>true</mandatory>
<refColNames>ID_Vuelo</refColNames>
<transferable>true</transferable>
<rely>false</rely>
<columnDependencyConstraintGenerateInDDL>true</columnDependencyConstraintGenerateInDDL>
</FKIndexAssociation>
