<?xml version = '1.0' encoding = 'UTF-8'?>
<Entity class="oracle.dbtools.crest.model.design.logical.Entity" directorySegmentName="seg_0" id="4B364281-8C02-3159-11AA-C081AB4461EC" name="Reserva">
<createdBy>EQUIPO</createdBy>
<createdTime>2024-09-05 22:21:54 UTC</createdTime>
<ownerDesignName>puta</ownerDesignName>
<engineerTo>
<item key="0BF393C0-24AA-9537-B397-3A2F0635374F" value="true"/>
</engineerTo>
<adequatelyNormalized>NO</adequatelyNormalized>
<expectedVolumes>0</expectedVolumes>
<fwdEngineeringStrategyName>Single Table</fwdEngineeringStrategyName>
<growthPercent>0</growthPercent>
<growthType>Year</growthType>
<maxVolumes>9999999</maxVolumes>
<minVolumes>0</minVolumes>
<normalForm>Third</normalForm>
<attributes itemClass="oracle.dbtools.crest.model.design.logical.Attribute">
<Attribute name="ID_Reserva" id="0FCF0B34-BFA2-FEFF-D3B2-8F8BF4DC0668">
<createdBy>EQUIPO</createdBy>
<createdTime>2024-09-05 22:21:54 UTC</createdTime>
<ownerDesignName>puta</ownerDesignName>
<importedID>29339604-090E-1599-3B30-34219CE5DE7A</importedID>
<engineerTo>
<item key="0BF393C0-24AA-9537-B397-3A2F0635374F" value="true"/>
</engineerTo>
<useDomainConstraints>false</useDomainConstraints>
<use>1</use>
<logicalDatatype>LOGDT011</logicalDatatype>
<ownDataTypeParameters>,,</ownDataTypeParameters>
</Attribute>
<Attribute name="tipo_reserva" id="62BCC863-23F8-7A55-AEFF-E6DF89B930C1">
<createdBy>EQUIPO</createdBy>
<createdTime>2024-09-05 22:21:54 UTC</createdTime>
<ownerDesignName>puta</ownerDesignName>
<importedID>457B7697-FA35-68D9-0ADB-4908235FBD2E</importedID>
<engineerTo>
<item key="0BF393C0-24AA-9537-B397-3A2F0635374F" value="true"/>
</engineerTo>
<useDomainConstraints>false</useDomainConstraints>
<use>1</use>
<logicalDatatype>LOGDT024</logicalDatatype>
<dataTypeSize>1</dataTypeSize>
<ownDataTypeParameters>1,,</ownDataTypeParameters>
</Attribute>
<Attribute name="estado_reserva" id="A0C56D98-942A-9197-9DF0-F01F8974DB25">
<createdBy>EQUIPO</createdBy>
<createdTime>2024-09-05 22:21:54 UTC</createdTime>
<ownerDesignName>puta</ownerDesignName>
<importedID>E412BF4E-0FD8-C9D8-4F17-597FD2D50356</importedID>
<engineerTo>
<item key="0BF393C0-24AA-9537-B397-3A2F0635374F" value="true"/>
</engineerTo>
<useDomainConstraints>false</useDomainConstraints>
<use>1</use>
<logicalDatatype>LOGDT024</logicalDatatype>
<dataTypeSize>1</dataTypeSize>
<ownDataTypeParameters>1,,</ownDataTypeParameters>
</Attribute>
<Attribute name="fecha_de_reserva" id="94DA891E-D030-F389-81AF-5A2E2B924E05">
<createdBy>EQUIPO</createdBy>
<createdTime>2024-09-05 22:21:54 UTC</createdTime>
<ownerDesignName>puta</ownerDesignName>
<importedID>17FF35B4-3659-2714-800B-3E7BA323AD98</importedID>
<engineerTo>
<item key="0BF393C0-24AA-9537-B397-3A2F0635374F" value="true"/>
</engineerTo>
<useDomainConstraints>false</useDomainConstraints>
<use>1</use>
<logicalDatatype>LOGDT008</logicalDatatype>
<ownDataTypeParameters>,,</ownDataTypeParameters>
</Attribute>
<Attribute name="fecha_cancelada_reserva" id="335E1DAE-07F2-FD0F-A5D4-90D0E27ED8B3">
<createdBy>EQUIPO</createdBy>
<createdTime>2024-09-05 22:21:54 UTC</createdTime>
<ownerDesignName>puta</ownerDesignName>
<importedID>331CA41B-4725-594A-56EC-3BD2D236BA21</importedID>
<engineerTo>
<item key="0BF393C0-24AA-9537-B397-3A2F0635374F" value="true"/>
</engineerTo>
<nullsAllowed>true</nullsAllowed>
<useDomainConstraints>false</useDomainConstraints>
<use>1</use>
<logicalDatatype>LOGDT008</logicalDatatype>
<ownDataTypeParameters>,,</ownDataTypeParameters>
</Attribute>
</attributes>
<identifiers itemClass="oracle.dbtools.crest.model.design.logical.CandidateKey">
<identifier id="D1BCAA02-2423-D102-BDA9-E6C0AFACAAD4" name="Reserva PK">
<createdBy>EQUIPO</createdBy>
<createdTime>2024-09-05 22:21:54 UTC</createdTime>
<ownerDesignName>puta</ownerDesignName>
<shouldEngineer>false</shouldEngineer>
<engineerTo>
<item key="0BF393C0-24AA-9537-B397-3A2F0635374F" value="false"/>
</engineerTo>
<pk>true</pk>
<usedAttributes>
<attributeRef>0FCF0B34-BFA2-FEFF-D3B2-8F8BF4DC0668</attributeRef>
</usedAttributes>
</identifier>
</identifiers>
</Entity>
