<?xml version = '1.0' encoding = 'UTF-8'?>
<Table class="oracle.dbtools.crest.model.design.relational.Table" directorySegmentName="seg_0" id="52900000-237B-C047-6CD0-D47AEBEC64F9" name="Boleto">
<createdBy>EQUIPO</createdBy>
<createdTime>2024-09-05 22:32:24 UTC</createdTime>
<generatorID>FCD66A2C-8ACD-64E0-5E21-E195690648EB</generatorID>
<ownerDesignName>puta</ownerDesignName>
<allowColumnReorder>false</allowColumnReorder>
<existDependencyGenerateInDDl>true</existDependencyGenerateInDDl>
<parsed>true</parsed>
<columns itemClass="oracle.dbtools.crest.model.design.relational.Column">
<Column name="ID_Boleto" id="7C1A4CD1-C1FA-DB7F-9DA0-289F02B498D4">
<createdBy>EQUIPO</createdBy>
<createdTime>2024-09-05 22:32:24 UTC</createdTime>
<generatorID>8034A535-0B46-D388-2A4C-D1103A3C08AB</generatorID>
<ownerDesignName>puta</ownerDesignName>
<useDomainConstraints>false</useDomainConstraints>
<use>1</use>
<logicalDatatype>LOGDT011</logicalDatatype>
<ownDataTypeParameters>,,</ownDataTypeParameters>
<autoIncrementCycle>false</autoIncrementCycle>
</Column>
<Column name="Precio_Boleto" id="7F7892B1-7CF6-7BD1-5B65-3845D05FEACB">
<createdBy>EQUIPO</createdBy>
<createdTime>2024-09-05 22:32:24 UTC</createdTime>
<generatorID>12090F56-A90F-A5C5-27FF-BBC087E84A40</generatorID>
<ownerDesignName>puta</ownerDesignName>
<useDomainConstraints>false</useDomainConstraints>
<use>1</use>
<logicalDatatype>LOGDT020</logicalDatatype>
<dataTypePrecision>6</dataTypePrecision>
<dataTypeScale>2</dataTypeScale>
<ownDataTypeParameters>,6,2</ownDataTypeParameters>
<autoIncrementCycle>false</autoIncrementCycle>
</Column>
<Column name="Fecha_Vuelo" id="618A6D38-C6AD-9C49-FA7D-035B7F6084BF">
<createdBy>EQUIPO</createdBy>
<createdTime>2024-09-05 22:32:24 UTC</createdTime>
<generatorID>181BDF7A-F6BB-AC6B-DA6D-204020E92DB3</generatorID>
<ownerDesignName>puta</ownerDesignName>
<useDomainConstraints>false</useDomainConstraints>
<use>1</use>
<logicalDatatype>LOGDT008</logicalDatatype>
<ownDataTypeParameters>,,</ownDataTypeParameters>
<autoIncrementCycle>false</autoIncrementCycle>
</Column>
<Column name="No_Asiento_Vuelo" id="97286844-2EBF-2F2C-DDC6-6F4E551FB7E9">
<createdBy>EQUIPO</createdBy>
<createdTime>2024-09-05 22:32:24 UTC</createdTime>
<generatorID>81D6B920-A655-659B-FFE3-E441DBC71795</generatorID>
<ownerDesignName>puta</ownerDesignName>
<useDomainConstraints>false</useDomainConstraints>
<use>1</use>
<logicalDatatype>LOGDT011</logicalDatatype>
<ownDataTypeParameters>,,</ownDataTypeParameters>
<autoIncrementCycle>false</autoIncrementCycle>
</Column>
<Column name="Metodo_Pago_Boleto" id="43E6EA3C-FA39-9D5F-DE2D-A1609C3973E0">
<createdBy>EQUIPO</createdBy>
<createdTime>2024-09-05 22:32:24 UTC</createdTime>
<generatorID>9C26E20E-AFAF-6936-8894-C40CA4FB6F8F</generatorID>
<ownerDesignName>puta</ownerDesignName>
<useDomainConstraints>false</useDomainConstraints>
<use>1</use>
<logicalDatatype>LOGDT024</logicalDatatype>
<dataTypeSize>150</dataTypeSize>
<ownDataTypeParameters>150,,</ownDataTypeParameters>
<autoIncrementCycle>false</autoIncrementCycle>
</Column>
<Column name="Reserva_ID_Reserva" id="F457412C-FDFD-7BA1-4C07-6ACD3E0E1930">
<createdBy>EQUIPO</createdBy>
<createdTime>2024-09-05 22:32:24 UTC</createdTime>
<generatorID>BF49D2C0-9365-59F2-FEDB-D90631FC8389</generatorID>
<ownerDesignName>puta</ownerDesignName>
<useDomainConstraints>false</useDomainConstraints>
<use>1</use>
<logicalDatatype>LOGDT011</logicalDatatype>
<ownDataTypeParameters>,,</ownDataTypeParameters>
<previousColumn>false</previousColumn>
<autoIncrementCycle>false</autoIncrementCycle>
<associations>
<colAssociation fkAssociation="098A30C8-E077-AFAB-8018-5AD9F9DBCB21" referredColumn="35D79864-EEC8-2AF4-1B2B-85BB42019206"/>
</associations>
</Column>
<Column name="Pasajeros_ID_Pasajero" id="4313D056-C0BB-F46D-227A-B878E837F0D8">
<createdBy>EQUIPO</createdBy>
<createdTime>2024-09-05 22:32:24 UTC</createdTime>
<generatorID>2E8973BF-65B8-BB84-51A1-4BEE0E9346FC</generatorID>
<ownerDesignName>puta</ownerDesignName>
<useDomainConstraints>false</useDomainConstraints>
<use>1</use>
<logicalDatatype>LOGDT011</logicalDatatype>
<ownDataTypeParameters>,,</ownDataTypeParameters>
<previousColumn>false</previousColumn>
<autoIncrementCycle>false</autoIncrementCycle>
<associations>
<colAssociation fkAssociation="D98C05F1-F579-0C22-5E70-A71366BEDED1" referredColumn="A8142AF8-CAF1-8E2F-47EC-E4AC25540C3A"/>
</associations>
</Column>
<Column name="Vuelo_ID_Vuelo" id="FB7438AC-07F1-8069-B108-EAD869FA08D8">
<createdBy>EQUIPO</createdBy>
<createdTime>2024-09-05 22:32:24 UTC</createdTime>
<generatorID>E8FAB2BD-2F3C-0367-A4D6-66107B516C58</generatorID>
<ownerDesignName>puta</ownerDesignName>
<useDomainConstraints>false</useDomainConstraints>
<use>1</use>
<logicalDatatype>LOGDT011</logicalDatatype>
<ownDataTypeParameters>,,</ownDataTypeParameters>
<previousColumn>false</previousColumn>
<autoIncrementCycle>false</autoIncrementCycle>
<associations>
<colAssociation fkAssociation="F42F52BE-5ECB-D372-C41F-D41233EE174B" referredColumn="61962497-8E07-FC1B-92B2-22D111972227"/>
</associations>
</Column>
</columns>
<indexes itemClass="oracle.dbtools.crest.model.design.relational.Index">
<ind_PK_UK id="1607A190-5752-7F5E-3959-5F7E8316928B" name="Boleto_PK">
<createdBy>EQUIPO</createdBy>
<createdTime>2024-09-05 22:32:24 UTC</createdTime>
<generatorID>6A0042F2-5229-0C0F-AAB8-965AF95EA4D4</generatorID>
<ownerDesignName>puta</ownerDesignName>
<pk>true</pk>
<indexState>Primary Constraint</indexState>
<isSurrogateKey>false</isSurrogateKey>
<indexColumnUsage>
<colUsage columnID="7C1A4CD1-C1FA-DB7F-9DA0-289F02B498D4"/>
</indexColumnUsage>
</ind_PK_UK>
<ind_PK_UK id="92419EE3-A6C8-1957-2BC8-EF53D8CA236C" name="Boleto__IDX">
<createdBy>EQUIPO</createdBy>
<createdTime>2024-09-05 22:32:24 UTC</createdTime>
<ownerDesignName>puta</ownerDesignName>
<indexState>Unique Plain Index</indexState>
<isSurrogateKey>false</isSurrogateKey>
<relationGeneratorID>ECAAD824-ACFC-3C16-874F-FE754DB783FE</relationGeneratorID>
<indexColumnUsage>
<colUsage columnID="F457412C-FDFD-7BA1-4C07-6ACD3E0E1930"/>
</indexColumnUsage>
</ind_PK_UK>
<ind_PK_UK id="2030481B-89E4-720E-8FD4-93F822B8695D" name="Boleto_Pasajeros_FK">
<createdBy>EQUIPO</createdBy>
<createdTime>2024-09-05 22:32:24 UTC</createdTime>
<generatorID>6328D3A2-E3BE-4C9C-16A8-4D05AD95B149</generatorID>
<ownerDesignName>puta</ownerDesignName>
<indexState>Foreign Key</indexState>
<isSurrogateKey>false</isSurrogateKey>
<indexColumnUsage>
<colUsage columnID="4313D056-C0BB-F46D-227A-B878E837F0D8"/>
</indexColumnUsage>
</ind_PK_UK>
<ind_PK_UK id="9D61FAAC-C721-C51B-7282-3973566A8CCB" name="Boleto_Vuelo_FK">
<createdBy>EQUIPO</createdBy>
<createdTime>2024-09-05 22:32:24 UTC</createdTime>
<generatorID>831F253C-180F-09A6-BADD-3F7D4D8207B2</generatorID>
<ownerDesignName>puta</ownerDesignName>
<indexState>Foreign Key</indexState>
<isSurrogateKey>false</isSurrogateKey>
<indexColumnUsage>
<colUsage columnID="FB7438AC-07F1-8069-B108-EAD869FA08D8"/>
</indexColumnUsage>
</ind_PK_UK>
<ind_PK_UK id="D1C46745-820C-AB61-4911-AE4556E987CA" name="Boleto_Reserva_FK">
<createdBy>EQUIPO</createdBy>
<createdTime>2024-09-05 22:32:24 UTC</createdTime>
<generatorID>ECAAD824-ACFC-3C16-874F-FE754DB783FE</generatorID>
<ownerDesignName>puta</ownerDesignName>
<indexState>Foreign Key</indexState>
<isSurrogateKey>false</isSurrogateKey>
<indexColumnUsage>
<colUsage columnID="F457412C-FDFD-7BA1-4C07-6ACD3E0E1930"/>
</indexColumnUsage>
</ind_PK_UK>
</indexes>
</Table>
