<?xml version = '1.0' encoding = 'UTF-8'?>
<Table class="oracle.dbtools.crest.model.design.relational.Table" directorySegmentName="seg_0" id="6DC3ED0E-0134-D0F1-1107-AEC5E0C2FABF" name="Reserva">
<createdBy>EQUIPO</createdBy>
<createdTime>2024-09-05 22:32:24 UTC</createdTime>
<generatorID>4B364281-8C02-3159-11AA-C081AB4461EC</generatorID>
<ownerDesignName>puta</ownerDesignName>
<allowColumnReorder>false</allowColumnReorder>
<existDependencyGenerateInDDl>true</existDependencyGenerateInDDl>
<parsed>true</parsed>
<columns itemClass="oracle.dbtools.crest.model.design.relational.Column">
<Column name="ID_Reserva" id="35D79864-EEC8-2AF4-1B2B-85BB42019206">
<createdBy>EQUIPO</createdBy>
<createdTime>2024-09-05 22:32:24 UTC</createdTime>
<generatorID>0FCF0B34-BFA2-FEFF-D3B2-8F8BF4DC0668</generatorID>
<ownerDesignName>puta</ownerDesignName>
<useDomainConstraints>false</useDomainConstraints>
<use>1</use>
<logicalDatatype>LOGDT011</logicalDatatype>
<ownDataTypeParameters>,,</ownDataTypeParameters>
<autoIncrementCycle>false</autoIncrementCycle>
</Column>
<Column name="tipo_reserva" id="281B277D-1737-EE10-F0E3-E6EC70AA9A69">
<createdBy>EQUIPO</createdBy>
<createdTime>2024-09-05 22:32:24 UTC</createdTime>
<generatorID>62BCC863-23F8-7A55-AEFF-E6DF89B930C1</generatorID>
<ownerDesignName>puta</ownerDesignName>
<useDomainConstraints>false</useDomainConstraints>
<use>1</use>
<logicalDatatype>LOGDT024</logicalDatatype>
<dataTypeSize>1</dataTypeSize>
<ownDataTypeParameters>1,,</ownDataTypeParameters>
<autoIncrementCycle>false</autoIncrementCycle>
</Column>
<Column name="estado_reserva" id="B5B0B9C4-64D0-064F-0B40-5D7DED785625">
<createdBy>EQUIPO</createdBy>
<createdTime>2024-09-05 22:32:24 UTC</createdTime>
<generatorID>A0C56D98-942A-9197-9DF0-F01F8974DB25</generatorID>
<ownerDesignName>puta</ownerDesignName>
<useDomainConstraints>false</useDomainConstraints>
<use>1</use>
<logicalDatatype>LOGDT024</logicalDatatype>
<dataTypeSize>1</dataTypeSize>
<ownDataTypeParameters>1,,</ownDataTypeParameters>
<autoIncrementCycle>false</autoIncrementCycle>
</Column>
<Column name="fecha_de_reserva" id="CA397639-088D-7AF3-7275-F529FE4B0719">
<createdBy>EQUIPO</createdBy>
<createdTime>2024-09-05 22:32:24 UTC</createdTime>
<generatorID>94DA891E-D030-F389-81AF-5A2E2B924E05</generatorID>
<ownerDesignName>puta</ownerDesignName>
<useDomainConstraints>false</useDomainConstraints>
<use>1</use>
<logicalDatatype>LOGDT008</logicalDatatype>
<ownDataTypeParameters>,,</ownDataTypeParameters>
<autoIncrementCycle>false</autoIncrementCycle>
</Column>
<Column name="fecha_cancelada_reserva" id="2D2753AF-812C-1875-B988-0F18EF73800C">
<createdBy>EQUIPO</createdBy>
<createdTime>2024-09-05 22:32:24 UTC</createdTime>
<generatorID>335E1DAE-07F2-FD0F-A5D4-90D0E27ED8B3</generatorID>
<ownerDesignName>puta</ownerDesignName>
<nullsAllowed>true</nullsAllowed>
<useDomainConstraints>false</useDomainConstraints>
<use>1</use>
<logicalDatatype>LOGDT008</logicalDatatype>
<ownDataTypeParameters>,,</ownDataTypeParameters>
<autoIncrementCycle>false</autoIncrementCycle>
</Column>
</columns>
<indexes itemClass="oracle.dbtools.crest.model.design.relational.Index">
<ind_PK_UK id="05463D1E-075B-3EB9-7D27-E581E43CF685" name="Reserva_PK">
<createdBy>EQUIPO</createdBy>
<createdTime>2024-09-05 22:32:24 UTC</createdTime>
<generatorID>D1BCAA02-2423-D102-BDA9-E6C0AFACAAD4</generatorID>
<ownerDesignName>puta</ownerDesignName>
<pk>true</pk>
<indexState>Primary Constraint</indexState>
<isSurrogateKey>false</isSurrogateKey>
<indexColumnUsage>
<colUsage columnID="35D79864-EEC8-2AF4-1B2B-85BB42019206"/>
</indexColumnUsage>
</ind_PK_UK>
</indexes>
</Table>
