<?xml version = '1.0' encoding = 'UTF-8'?>
<Table class="oracle.dbtools.crest.model.design.relational.Table" directorySegmentName="seg_0" id="CC11C389-0062-377C-F056-AD448E88355D" name="Vuelo_y_Pasajeros">
<createdBy>EQUIPO</createdBy>
<createdTime>2024-09-05 21:40:39 UTC</createdTime>
<generatorID>6C96C7D8-75C4-0CE5-2212-D739FC0ADDB5</generatorID>
<ownerDesignName>puta</ownerDesignName>
<allowColumnReorder>false</allowColumnReorder>
<existDependencyGenerateInDDl>true</existDependencyGenerateInDDl>
<parsed>true</parsed>
<columns itemClass="oracle.dbtools.crest.model.design.relational.Column">
<Column name="ID_vue_y_pas" id="78CD741D-B2D3-4C45-8C37-CA34278F0B48">
<createdBy>EQUIPO</createdBy>
<createdTime>2024-09-05 21:40:39 UTC</createdTime>
<generatorID>9EB184E3-EC18-F365-7989-5C0D5F2300A9</generatorID>
<ownerDesignName>puta</ownerDesignName>
<useDomainConstraints>false</useDomainConstraints>
<use>1</use>
<logicalDatatype>LOGDT011</logicalDatatype>
<ownDataTypeParameters>,,</ownDataTypeParameters>
<autoIncrementCycle>false</autoIncrementCycle>
</Column>
<Column name="Pasajeros_ID_Pasajero" id="F629F7BB-63D8-99D6-65A8-E5BFE030825A">
<createdBy>EQUIPO</createdBy>
<createdTime>2024-09-05 21:40:39 UTC</createdTime>
<generatorID>04B3B2E5-D40E-5F15-18EF-3909830191D4</generatorID>
<ownerDesignName>puta</ownerDesignName>
<useDomainConstraints>false</useDomainConstraints>
<use>1</use>
<logicalDatatype>LOGDT011</logicalDatatype>
<ownDataTypeParameters>,,</ownDataTypeParameters>
<previousColumn>false</previousColumn>
<autoIncrementCycle>false</autoIncrementCycle>
<associations>
<colAssociation fkAssociation="8904D32D-8836-89E8-E229-DEA7955155B8" referredColumn="A8142AF8-CAF1-8E2F-47EC-E4AC25540C3A"/>
</associations>
</Column>
<Column name="Vuelo_ID_Vuelo" id="6700CC00-E5E5-E3F5-8EE9-F65F188FB13C">
<createdBy>EQUIPO</createdBy>
<createdTime>2024-09-05 21:40:39 UTC</createdTime>
<generatorID>39D4D5F4-5CAA-E0E3-A9EE-4169705F8297</generatorID>
<ownerDesignName>puta</ownerDesignName>
<useDomainConstraints>false</useDomainConstraints>
<use>1</use>
<logicalDatatype>LOGDT011</logicalDatatype>
<ownDataTypeParameters>,,</ownDataTypeParameters>
<previousColumn>false</previousColumn>
<autoIncrementCycle>false</autoIncrementCycle>
<associations>
<colAssociation fkAssociation="2E3D9BAF-6836-5D29-E609-73054EBF27F8" referredColumn="61962497-8E07-FC1B-92B2-22D111972227"/>
</associations>
</Column>
</columns>
<indexes itemClass="oracle.dbtools.crest.model.design.relational.Index">
<ind_PK_UK id="6B85B6E2-9CDA-10C0-9763-2DE945FD9403" name="Vuelo_y_Pasajeros_PK">
<createdBy>EQUIPO</createdBy>
<createdTime>2024-09-05 21:40:39 UTC</createdTime>
<generatorID>B8B79B95-F55C-3FF6-1343-7A611670C138</generatorID>
<ownerDesignName>puta</ownerDesignName>
<pk>true</pk>
<indexState>Primary Constraint</indexState>
<isSurrogateKey>false</isSurrogateKey>
<indexColumnUsage>
<colUsage columnID="78CD741D-B2D3-4C45-8C37-CA34278F0B48"/>
</indexColumnUsage>
</ind_PK_UK>
<ind_PK_UK id="FE73C0E7-543C-C013-00AA-171BA2A93EDA" name="Vuelo_y_Pasajeros_Pasajeros_FK">
<createdBy>EQUIPO</createdBy>
<createdTime>2024-09-05 21:40:39 UTC</createdTime>
<generatorID>E34B869D-25D8-3610-A05E-431B11723D7E</generatorID>
<ownerDesignName>puta</ownerDesignName>
<indexState>Foreign Key</indexState>
<isSurrogateKey>false</isSurrogateKey>
<indexColumnUsage>
<colUsage columnID="F629F7BB-63D8-99D6-65A8-E5BFE030825A"/>
</indexColumnUsage>
</ind_PK_UK>
<ind_PK_UK id="A8E37D16-28F5-95D1-72D3-451BD69F9A7B" name="Vuelo_y_Pasajeros_Vuelo_FK">
<createdBy>EQUIPO</createdBy>
<createdTime>2024-09-05 21:40:39 UTC</createdTime>
<generatorID>684EC8C8-06A7-B493-D1CA-2CA2ED98F545</generatorID>
<ownerDesignName>puta</ownerDesignName>
<indexState>Foreign Key</indexState>
<isSurrogateKey>false</isSurrogateKey>
<indexColumnUsage>
<colUsage columnID="6700CC00-E5E5-E3F5-8EE9-F65F188FB13C"/>
</indexColumnUsage>
</ind_PK_UK>
</indexes>
</Table>
