<?xml version = '1.0' encoding = 'UTF-8'?>
<Relation class="oracle.dbtools.crest.model.design.logical.Relation" name="Relation_17" directorySegmentName="seg_0" id="6328D3A2-E3BE-4C9C-16A8-4D05AD95B149">
<createdBy>EQUIPO</createdBy>
<createdTime>2024-09-05 22:25:00 UTC</createdTime>
<ownerDesignName>puta</ownerDesignName>
<engineerTo>
<item key="0BF393C0-24AA-9537-B397-3A2F0635374F" value="true"/>
</engineerTo>
<sourcePk>8ADC2FE8-A435-D384-C4DA-9E4CE7F4CBE3</sourcePk>
<identifying>false</identifying>
<optionalSource>true</optionalSource>
<optionalTarget>false</optionalTarget>
<sourceCardinality>1</sourceCardinality>
<sourceEntity>A26AAB61-06E9-1DA8-75F2-8286981B8A60</sourceEntity>
<targetCardinalityString>*</targetCardinalityString>
<targetEntity>FCD66A2C-8ACD-64E0-5E21-E195690648EB</targetEntity>
<transferable>true</transferable>
<deleteRule>NO ACTION</deleteRule>
</Relation>
