<?xml version = '1.0' encoding = 'UTF-8'?>
<Relation class="oracle.dbtools.crest.model.design.logical.Relation" name="Relation_12" directorySegmentName="seg_0" id="684EC8C8-06A7-B493-D1CA-2CA2ED98F545">
<createdBy>EQUIPO</createdBy>
<createdTime>2024-09-05 17:01:04 UTC</createdTime>
<ownerDesignName>puta</ownerDesignName>
<engineerTo>
<item key="0BF393C0-24AA-9537-B397-3A2F0635374F" value="true"/>
</engineerTo>
<sourcePk>EF6A00CC-6D50-6781-2D65-6B46F4DF5AB7</sourcePk>
<identifying>false</identifying>
<optionalSource>true</optionalSource>
<optionalTarget>false</optionalTarget>
<sourceCardinality>1</sourceCardinality>
<sourceEntity>AFECFBCB-1256-E554-BE25-0AA1DDD31D9D</sourceEntity>
<targetCardinalityString>*</targetCardinalityString>
<targetEntity>6C96C7D8-75C4-0CE5-2212-D739FC0ADDB5</targetEntity>
<transferable>true</transferable>
<deleteRule>NO ACTION</deleteRule>
</Relation>