<?xml version = '1.0' encoding = 'UTF-8'?>
<Relation class="oracle.dbtools.crest.model.design.logical.Relation" name="Relation_18" directorySegmentName="seg_0" id="6BF546C4-273F-8369-DDB6-14FCB766BC21">
<createdBy>EQUIPO</createdBy>
<createdTime>2024-09-05 22:29:24 UTC</createdTime>
<ownerDesignName>puta</ownerDesignName>
<engineerTo>
<item key="0BF393C0-24AA-9537-B397-3A2F0635374F" value="true"/>
</engineerTo>
<sourcePk>D1BCAA02-2423-D102-BDA9-E6C0AFACAAD4</sourcePk>
<identifying>false</identifying>
<optionalSource>true</optionalSource>
<optionalTarget>false</optionalTarget>
<sourceCardinality>1</sourceCardinality>
<sourceEntity>4B364281-8C02-3159-11AA-C081AB4461EC</sourceEntity>
<targetCardinalityString>1</targetCardinalityString>
<targetEntity>A26AAB61-06E9-1DA8-75F2-8286981B8A60</targetEntity>
<transferable>true</transferable>
<deleteRule>NO ACTION</deleteRule>
</Relation>
