<?xml version = '1.0' encoding = 'UTF-8'?>
<Relation class="oracle.dbtools.crest.model.design.logical.Relation" name="Relation_13" directorySegmentName="seg_0" id="74F7DED2-566B-E273-682A-674269153DC2">
<createdBy>EQUIPO</createdBy>
<createdTime>2024-09-05 17:03:44 UTC</createdTime>
<ownerDesignName>puta</ownerDesignName>
<engineerTo>
<item key="0BF393C0-24AA-9537-B397-3A2F0635374F" value="true"/>
</engineerTo>
<sourcePk>1E9EC457-2E31-74BE-F2AE-C921C0C3A7B5</sourcePk>
<identifying>false</identifying>
<optionalSource>true</optionalSource>
<optionalTarget>false</optionalTarget>
<sourceCardinality>1</sourceCardinality>
<sourceEntity>02F5F376-682C-4786-5C13-860BC71949F9</sourceEntity>
<targetCardinalityString>*</targetCardinalityString>
<targetEntity>AFECFBCB-1256-E554-BE25-0AA1DDD31D9D</targetEntity>
<transferable>true</transferable>
<deleteRule>NO ACTION</deleteRule>
</Relation>