<?xml version = '1.0' encoding = 'UTF-8'?>
<Relation class="oracle.dbtools.crest.model.design.logical.Relation" name="Relation_29" directorySegmentName="seg_0" id="ECAAD824-ACFC-3C16-874F-FE754DB783FE">
<createdBy>EQUIPO</createdBy>
<createdTime>2024-09-05 22:21:54 UTC</createdTime>
<ownerDesignName>puta</ownerDesignName>
<engineerTo>
<item key="0BF393C0-24AA-9537-B397-3A2F0635374F" value="true"/>
</engineerTo>
<sourcePk>D1BCAA02-2423-D102-BDA9-E6C0AFACAAD4</sourcePk>
<identifying>false</identifying>
<optionalSource>true</optionalSource>
<optionalTarget>false</optionalTarget>
<sourceCardinality>1</sourceCardinality>
<sourceEntity>4B364281-8C02-3159-11AA-C081AB4461EC</sourceEntity>
<targetCardinalityString>1</targetCardinalityString>
<targetEntity>FCD66A2C-8ACD-64E0-5E21-E195690648EB</targetEntity>
<transferable>true</transferable>
<deleteRule>NO ACTION</deleteRule>
</Relation>
